{
  "strategy": "fedavg",
  "total_rounds": 15,
  "final_global_train_loss": 0.016636746232281382,
  "final_global_eval_loss": 0.025091122802322795,
  "train_improvement": 0.05531649966344203,
  "eval_improvement": 0.05135043960825543,
  "convergence_metrics": {
    "rounds": [
      1,
      2,
      3,
      4,
      5,
      6,
      7,
      8,
      9,
      10,
      11,
      12,
      13,
      14,
      15
    ],
    "loss_variance": [
      0.0007874275424643394,
      0.0004418657147752054,
      0.0002543588799436471,
      0.00023110642316624097,
      0.000223277007629852,
      0.0002324451449361169,
      0.00024227769601209968,
      0.0002442509043264263,
      0.0002447141380530851,
      0.00024477456781079265,
      0.00024391478801612655,
      0.0002513604442431815,
      0.0002457215815203036,
      0.00024738900971427283,
      0.0002490348556821752
    ],
    "loss_std": [
      0.02806113936504253,
      0.021020602150633207,
      0.015948632541495433,
      0.015202184815553355,
      0.014942456546025221,
      0.015246151807460034,
      0.015565272114939067,
      0.01562852854002661,
      0.01564334165237994,
      0.015645273018096956,
      0.015617771544497843,
      0.015854350956225914,
      0.015675508971650765,
      0.015728604824149943,
      0.015780838243964583
    ],
    "max_min_diff": [
      0.0676184923394503,
      0.05056650995711963,
      0.03848281927883783,
      0.036853673486205614,
      0.03645714178430829,
      0.03731491007065135,
      0.03811851657217247,
      0.0382743778172631,
      0.03831101677557355,
      0.03831773355430464,
      0.03825279654347039,
      0.038834193756484614,
      0.038396949049180715,
      0.03852693436202237,
      0.03865437718240895
    ]
  },
  "timestamp": "2025-10-13T22:41:50.539252"
}