{
  "strategy": "fedadagrad",
  "total_rounds": 15,
  "final_global_train_loss": 0.4382591123908544,
  "final_global_eval_loss": 1.1962270525096712,
  "train_improvement": -0.3835705921699872,
  "eval_improvement": 18.009946251054302,
  "convergence_metrics": {
    "rounds": [
      1,
      2,
      3,
      4,
      5,
      6,
      7,
      8,
      9,
      10,
      11,
      12,
      13,
      14,
      15
    ],
    "loss_variance": [
      0.08825095534528149,
      2.269397201767405e-05,
      0.0016847222471039955,
      0.00043437667636390975,
      0.0017689350325829547,
      0.00041941452241201264,
      0.001589782169453732,
      0.0004341456581556231,
      0.0016060902068973804,
      0.0004820728344695914,
      0.001608309591640176,
      0.0005360550342863045,
      0.0016726900498632534,
      0.0005768269665376433,
      0.001853793415987616
    ],
    "loss_std": [
      0.2970706234976483,
      0.004763819058032541,
      0.04104536815651671,
      0.020841705217277923,
      0.042058709354697923,
      0.020479612359905953,
      0.03987207255026671,
      0.02083616227033239,
      0.04007605528114488,
      0.021956157097032972,
      0.04010373538263207,
      0.02315286233462948,
      0.04089853359062221,
      0.024017222290215898,
      0.04305570131803239
    ],
    "max_min_diff": [
      0.6419488731860916,
      0.011406059892466236,
      0.09356533493591712,
      0.048449026404849715,
      0.09554297602953077,
      0.047821995155100105,
      0.09063139824726452,
      0.04864933668977578,
      0.09130620227062647,
      0.051166239295181715,
      0.09156933643907905,
      0.0538466359102322,
      0.09360626752482126,
      0.05574509087764845,
      0.09877560773369365
    ]
  },
  "timestamp": "2025-08-27T04:16:59.562085"
}