{
  "strategy": "fedyogi",
  "total_rounds": 10,
  "final_global_train_loss": 0.00987149815523305,
  "final_global_eval_loss": 0.019637385748003604,
  "train_improvement": 0.01568582574865246,
  "eval_improvement": 0.0024060346699810616,
  "convergence_metrics": {
    "rounds": [
      1,
      2,
      3,
      4,
      5,
      6,
      7,
      8,
      9,
      10
    ],
    "loss_variance": [
      0.00020536121494530075,
      0.00018452888691801371,
      0.0001406283022630059,
      6.518788580890455e-05,
      1.885156478141247e-05,
      1.3178076096031708e-05,
      4.731252102410769e-05,
      9.990135096937759e-05,
      0.0001303047408453389,
      0.00014155758385675903
    ],
    "loss_std": [
      0.014330429684601253,
      0.013584141007734486,
      0.011858680460447777,
      0.008073901523359357,
      0.00434183887096383,
      0.003630161993084015,
      0.006878409774367015,
      0.009995066331414594,
      0.011415110198563084,
      0.011897797437204882
    ],
    "max_min_diff": [
      0.03294221512899337,
      0.03127514629527127,
      0.027233478136141676,
      0.017814958897685015,
      0.009597073113042226,
      0.008205847223453674,
      0.01530979933292654,
      0.02328866260575649,
      0.026649215536747387,
      0.02781805415878543
    ]
  },
  "timestamp": "2025-08-26T02:35:59.474128"
}