{
  "strategy": "fedyogi",
  "total_rounds": 15,
  "final_global_train_loss": 0.2682511752481348,
  "final_global_eval_loss": 1.853633488592214,
  "train_improvement": -0.20775372342652615,
  "eval_improvement": -1.7895367764166932,
  "convergence_metrics": {
    "rounds": [
      1,
      2,
      3,
      4,
      5,
      6,
      7,
      8,
      9,
      10,
      11,
      12,
      13,
      14,
      15
    ],
    "loss_variance": [
      2.1154132692722893e-07,
      4.269560555824391e-06,
      4.4020757482081754e-05,
      0.00040784466614731855,
      0.0009425937894942598,
      0.001134209631771219,
      0.000769199137485358,
      3.27247547939645e-05,
      3.9615166170854883e-07,
      9.705447630082284e-07,
      1.4114132031165222e-06,
      2.6640515940435017e-08,
      1.510656325603088e-05,
      0.0012779182410053954,
      0.002084624533699209
    ],
    "loss_std": [
      0.00045993622049935243,
      0.002066291498270365,
      0.006634814050301768,
      0.020195164424864645,
      0.030701690336107878,
      0.03367802891754829,
      0.027734439555998927,
      0.005720555462012802,
      0.0006294058005043716,
      0.0009851623028761447,
      0.001188029125533765,
      0.00016321922662613928,
      0.0038867162561770415,
      0.035747982334747165,
      0.04565768865918652
    ],
    "max_min_diff": [
      0.0010316457423326514,
      0.004466427400943891,
      0.015104506377596187,
      0.04562230713821003,
      0.06928229357180182,
      0.07556048441575758,
      0.06143591340391652,
      0.013009214874244151,
      0.0015303524180516129,
      0.0022327155059183104,
      0.0027112298667569604,
      0.00039068820870664933,
      0.00932769101873155,
      0.08050594694378765,
      0.1040087000998966
    ]
  },
  "timestamp": "2025-08-27T04:07:51.685319"
}