{
  "strategy": "fedavg",
  "total_rounds": 15,
  "final_global_train_loss": 0.01920249002364718,
  "final_global_eval_loss": 0.02871404452943588,
  "train_improvement": 0.04805199278412085,
  "eval_improvement": 0.04594634528230718,
  "convergence_metrics": {
    "rounds": [
      1,
      2,
      3,
      4,
      5,
      6,
      7,
      8,
      9,
      10,
      11,
      12,
      13,
      14,
      15
    ],
    "loss_variance": [
      0.0008221545983246124,
      0.0004539732726494356,
      0.0002820023546988341,
      0.0002609327938616175,
      0.00025316106973903785,
      0.0002479687557842602,
      0.0002559010437926778,
      0.00026319487141293515,
      0.0002755249700385923,
      0.00028400285131483557,
      0.0002907348269088267,
      0.0002977937562579288,
      0.00030154009022142353,
      0.00030768316606011304,
      0.0003042502638265276
    ],
    "loss_std": [
      0.02867323836479954,
      0.021306648555073967,
      0.016792925733737828,
      0.016153414309724664,
      0.015911036098854085,
      0.01574702371193554,
      0.015996907319625185,
      0.016223281770743402,
      0.016598944847145927,
      0.0168523841433441,
      0.01705094797683773,
      0.017256701778089835,
      0.017364909738360967,
      0.017540899807595763,
      0.01744277110514633
    ],
    "max_min_diff": [
      0.06919536096735776,
      0.051386860782879754,
      0.04051604338357565,
      0.03907369756701236,
      0.03862234258641867,
      0.03840045713813869,
      0.03910513141282035,
      0.03968067378486955,
      0.04057771580534111,
      0.04119980954167577,
      0.0416890031296514,
      0.04222124183075897,
      0.042486060006525106,
      0.042938224091011855,
      0.04268090903625413
    ]
  },
  "timestamp": "2025-08-27T04:48:39.801731"
}