{
  "strategy": "fedavg",
  "total_rounds": 10,
  "final_global_train_loss": 0.003613164331556106,
  "final_global_eval_loss": 0.008832341946144108,
  "train_improvement": 0.021330834421772353,
  "eval_improvement": 0.010603802047562592,
  "convergence_metrics": {
    "rounds": [
      1,
      2,
      3,
      4,
      5,
      6,
      7,
      8,
      9,
      10
    ],
    "loss_variance": [
      0.00020587023673018987,
      0.00017366327470645982,
      0.00016079423494088513,
      0.00015558494620132073,
      0.00014332369069651476,
      0.00012420146270518767,
      0.0001005158325986463,
      7.827971091214983e-05,
      6.111688643431228e-05,
      4.0540626722155036e-05
    ],
    "loss_std": [
      0.014348178864587306,
      0.013178136237968548,
      0.012680466668892163,
      0.012473369480670439,
      0.011971787280791233,
      0.011144570996910902,
      0.010025758455032034,
      0.008847582207142797,
      0.007817728981891882,
      0.00636715216734727
    ],
    "max_min_diff": [
      0.03297681418653359,
      0.030339188295318315,
      0.029247846303293572,
      0.028848477410702296,
      0.027804559278296805,
      0.026036911755043725,
      0.023615415447492797,
      0.021037785230372023,
      0.01875820589914731,
      0.015474686505575565
    ]
  },
  "timestamp": "2025-08-26T02:31:27.457652"
}