{
  "strategy": "fedadagrad",
  "total_rounds": 10,
  "final_global_train_loss": 0.021443837521512663,
  "final_global_eval_loss": 0.024166644736454038,
  "train_improvement": 0.003279744288157114,
  "eval_improvement": 9.900911426355432,
  "convergence_metrics": {
    "rounds": [
      1,
      2,
      3,
      4,
      5,
      6,
      7,
      8,
      9,
      10
    ],
    "loss_variance": [
      0.005665108790156507,
      0.005126307442847394,
      0.001738453976865028,
      0.007278124926081583,
      0.00011938617030999123,
      0.00025512583472554057,
      8.241181289290608e-07,
      2.0924929597608405e-05,
      9.378469672643883e-05,
      2.622663506070887e-05
    ],
    "loss_std": [
      0.07526691696991784,
      0.07159823631101114,
      0.0416947715770818,
      0.08531192722053338,
      0.010926397865261507,
      0.015972658974808814,
      0.0009078095223828955,
      0.004574377509302048,
      0.009684249931018862,
      0.00512119469076395
    ],
    "max_min_diff": [
      0.1711049710170176,
      0.1748336075539616,
      0.10123217097387971,
      0.20783324502349693,
      0.025452861369906606,
      0.03651713703850029,
      0.0020283346599229007,
      0.010453808557238,
      0.020621061240339633,
      0.012509629931211463
    ]
  },
  "timestamp": "2025-08-26T02:38:42.302517"
}