{
  "strategy": "fedadam",
  "total_rounds": 10,
  "final_global_train_loss": 3.450818524771532,
  "final_global_eval_loss": 2.3441233675740984,
  "train_improvement": -3.424915758166523,
  "eval_improvement": 0.7047276353877705,
  "convergence_metrics": {
    "rounds": [
      1,
      2,
      3,
      4,
      5,
      6,
      7,
      8,
      9,
      10
    ],
    "loss_variance": [
      0.0007593550391646361,
      0.0004583651681906669,
      0.006603859945615941,
      0.09094603512355855,
      0.012171987816233236,
      0.0015404340970905,
      0.02420187575057993,
      0.0048577738446513,
      0.033408643670919606,
      0.01631565572078276
    ],
    "loss_std": [
      0.027556397427178976,
      0.021409464453616463,
      0.08126413689700974,
      0.3015726034034898,
      0.11032673210166807,
      0.03924836426006185,
      0.15556952063492363,
      0.06969773199072765,
      0.18278031532667735,
      0.12773275116736021
    ],
    "max_min_diff": [
      0.06663802280643605,
      0.04930587015366383,
      0.19875803509565815,
      0.7377772169130443,
      0.2702441494326431,
      0.08556056570328119,
      0.359143118070854,
      0.14968958833613932,
      0.4476464216533742,
      0.31093620087632257
    ]
  },
  "timestamp": "2025-08-26T02:33:44.702813"
}