{
  "strategy": "fedadam",
  "total_rounds": 15,
  "final_global_train_loss": 0.19725258277265947,
  "final_global_eval_loss": 0.15603450947277878,
  "train_improvement": -0.137619948376204,
  "eval_improvement": 5.276903884776469,
  "convergence_metrics": {
    "rounds": [
      1,
      2,
      3,
      4,
      5,
      6,
      7,
      8,
      9,
      10,
      11,
      12,
      13,
      14,
      15
    ],
    "loss_variance": [
      0.005995987030794503,
      0.1291267509951505,
      0.0799867030481091,
      0.02282179181614227,
      2.75647768094639e-05,
      0.00010180823362365509,
      0.4622925150203662,
      0.2204000774742664,
      0.0010177840240440889,
      0.039152326471664216,
      0.003321544526975326,
      0.0009767220674738503,
      0.0019126607412726377,
      0.0002741929505609228,
      0.0003805589950130509
    ],
    "loss_std": [
      0.07743375898659771,
      0.35934210857503257,
      0.28281920558566936,
      0.15106883138537303,
      0.005250216834518732,
      0.010090006621586286,
      0.6799209623333923,
      0.4694678662850807,
      0.031902727532988284,
      0.19786946826548105,
      0.05763284243359272,
      0.03125255297529868,
      0.04373397696611454,
      0.01655877261637839,
      0.019507921340139008
    ],
    "max_min_diff": [
      0.17763431830341325,
      0.8744364229216408,
      0.6670465673262393,
      0.3350464129129742,
      0.012850938719724786,
      0.023844513514296756,
      1.4564843284831661,
      1.1473347364203308,
      0.07684213894522296,
      0.47690225341237896,
      0.12814844949006882,
      0.07589273330025445,
      0.09827265628009221,
      0.04052615398413112,
      0.04609570757980719
    ]
  },
  "timestamp": "2025-08-27T03:58:18.662673"
}