{
  "timestamp": "2025-08-26T02:38:56.386346",
  "strategies_analyzed": [
    "fedadagrad",
    "fedadam",
    "fedavg",
    "fedyogi"
  ],
  "clients_analyzed": [
    1,
    2,
    3
  ],
  "summary": {
    "fedadagrad": {
      "total_rounds": 10,
      "final_global_eval_loss": 0.024166644736454,
      "final_global_train_loss": 0.0214438375215126,
      "improvement_percentage": 99.75650927314273,
      "convergence_rate": -1.1001012695950476,
      "client_metrics": {
        "client_1": {
          "final_loss": 0.0242294778401505,
          "best_loss": 0.0242294778401505,
          "worst_loss": 9.976542702888077,
          "std_loss": 3.086392579454119
        },
        "client_2": {
          "final_loss": 0.0171673667632611,
          "best_loss": 0.0171673667632611,
          "worst_loss": 10.00263674723258,
          "std_loss": 3.1024881481891384
        },
        "client_3": {
          "final_loss": 0.0296769966944726,
          "best_loss": 0.0296769966944726,
          "worst_loss": 9.831531776215565,
          "std_loss": 3.038259668994602
        }
      }
    },
    "fedadam": {
      "total_rounds": 10,
      "final_global_eval_loss": 2.3441233675740984,
      "final_global_train_loss": 3.450818524771532,
      "improvement_percentage": 23.11453182537121,
      "convergence_rate": -0.07830307059864117,
      "client_metrics": {
        "client_1": {
          "final_loss": 2.1742782088134645,
          "best_loss": 0.2648746461177895,
          "worst_loss": 4.812803249539254,
          "std_loss": 1.2139189044707623
        },
        "client_2": {
          "final_loss": 2.2995890550335805,
          "best_loss": 0.2740569111008429,
          "worst_loss": 4.475863689723428,
          "std_loss": 1.1644425738063404
        },
        "client_3": {
          "final_loss": 2.485214409689787,
          "best_loss": 0.3141805162714534,
          "worst_loss": 4.0750260326262095,
          "std_loss": 1.006904460675558
        }
      }
    },
    "fedavg": {
      "total_rounds": 10,
      "final_global_eval_loss": 0.0088323419461441,
      "final_global_train_loss": 0.0036131643315561,
      "improvement_percentage": 54.55712846640797,
      "convergence_rate": -0.0011782002275069557,
      "client_metrics": {
        "client_1": {
          "final_loss": 0.0069196109408431,
          "best_loss": 0.0069196109408431,
          "worst_loss": 0.0102095572360883,
          "std_loss": 0.0010148415450457649
        },
        "client_2": {
          "final_loss": 0.0008655319024067,
          "best_loss": 0.0008655319024067,
          "worst_loss": 0.004247942620399,
          "std_loss": 0.0010472572567521636
        },
        "client_3": {
          "final_loss": 0.0163402184079822,
          "best_loss": 0.0163402184079822,
          "worst_loss": 0.0372247568069326,
          "std_loss": 0.006401609695146268
        }
      }
    },
    "fedyogi": {
      "total_rounds": 10,
      "final_global_eval_loss": 0.0196373857480036,
      "final_global_train_loss": 0.009871498155233,
      "improvement_percentage": 10.914978820700547,
      "convergence_rate": -0.00026733718555344395,
      "client_metrics": {
        "client_1": {
          "final_loss": 0.0128598201918977,
          "best_loss": 0.0091368813598056,
          "worst_loss": 0.0877423564760231,
          "std_loss": 0.030343693414912856
        },
        "client_2": {
          "final_loss": 0.0064758196552872,
          "best_loss": 0.0033369354305644,
          "worst_loss": 0.0885717391852428,
          "std_loss": 0.033097156280824686
        },
        "client_3": {
          "final_loss": 0.0342938738140726,
          "best_loss": 0.028915183790854,
          "worst_loss": 0.0973394295890653,
          "std_loss": 0.025007682712663806
        }
      }
    }
  }
}